PassengerId,Survived,Pclass,Fare_1,Age_1,Sex_1,Family,IsAlone,Embarked_S,Embarked_C,Cabin_M,Cabin_C,Cabin_E,Cabin_G,Cabin_D,Cabin_A,Cabin_B,Cabin_F,Title_Mr,Title_Mrs,Title_Miss,Title_Master
1,0,3,7.25,22,1,2,0,1,0,1,0,0,0,0,0,0,0,1,0,0,0
2,1,1,71.2833,38,0,2,0,0,1,0,1,0,0,0,0,0,0,0,1,0,0
3,1,3,7.925,26,0,1,1,1,0,1,0,0,0,0,0,0,0,0,0,1,0
4,1,1,53.1,35,0,2,0,1,0,0,1,0,0,0,0,0,0,0,1,0,0
5,0,3,8.05,35,1,1,1,1,0,1,0,0,0,0,0,0,0,1,0,0,0
6,0,3,8.4583,25.96226361,1,1,1,0,0,1,0,0,0,0,0,0,0,1,0,0,0
7,0,1,51.8625,54,1,1,1,1,0,0,0,1,0,0,0,0,0,1,0,0,0
8,0,3,21.075,2,1,5,0,1,0,1,0,0,0,0,0,0,0,0,0,0,1
9,1,3,11.1333,27,0,3,0,1,0,1,0,0,0,0,0,0,0,0,1,0,0
10,1,2,30.0708,14,0,2,0,0,1,1,0,0,0,0,0,0,0,0,1,0,0
11,1,3,16.7,4,0,3,0,1,0,0,0,0,1,0,0,0,0,0,0,1,0
12,1,1,26.55,58,0,1,1,1,0,0,1,0,0,0,0,0,0,0,0,1,0
13,0,3,8.05,20,1,1,1,1,0,1,0,0,0,0,0,0,0,1,0,0,0
14,0,3,31.275,39,1,7,0,1,0,1,0,0,0,0,0,0,0,1,0,0,0
15,0,3,7.8542,14,0,1,1,1,0,1,0,0,0,0,0,0,0,0,0,1,0
16,1,2,16,55,0,1,1,1,0,1,0,0,0,0,0,0,0,0,1,0,0
17,0,3,29.125,2,1,6,0,0,0,1,0,0,0,0,0,0,0,0,0,0,1
18,1,2,13,30.81537975,1,1,1,1,0,1,0,0,0,0,0,0,0,1,0,0,0
19,0,3,18,31,0,2,0,1,0,1,0,0,0,0,0,0,0,0,1,0,0
20,1,3,7.225,22.18532895,0,1,1,0,1,1,0,0,0,0,0,0,0,0,1,0,0
21,0,2,26,35,1,1,1,1,0,1,0,0,0,0,0,0,0,1,0,0,0
22,1,2,13,34,1,1,1,1,0,0,0,0,0,1,0,0,0,1,0,0,0
23,1,3,8.0292,15,0,1,1,0,0,1,0,0,0,0,0,0,0,0,0,1,0
24,1,1,35.5,28,1,1,1,1,0,0,0,0,0,0,1,0,0,1,0,0,0
25,0,3,21.075,8,0,5,0,1,0,1,0,0,0,0,0,0,0,0,0,1,0
26,1,3,31.3875,38,0,7,0,1,0,1,0,0,0,0,0,0,0,0,1,0,0
27,0,3,7.225,25.96226361,1,1,1,0,1,1,0,0,0,0,0,0,0,1,0,0,0
28,0,1,263,19,1,6,0,1,0,0,1,0,0,0,0,0,0,1,0,0,0
29,1,3,7.8792,22.18532895,0,1,1,0,0,1,0,0,0,0,0,0,0,0,0,1,0
30,0,3,7.8958,25.96226361,1,1,1,1,0,1,0,0,0,0,0,0,0,1,0,0,0
31,0,1,27.7208,40,1,1,1,0,1,1,0,0,0,0,0,0,0,0,0,0,0
32,1,1,146.5208,37.03759398,0,2,0,0,1,0,0,0,0,0,0,1,0,0,1,0,0
33,1,3,7.75,22.18532895,0,1,1,0,0,1,0,0,0,0,0,0,0,0,0,1,0
34,0,2,10.5,66,1,1,1,1,0,1,0,0,0,0,0,0,0,1,0,0,0
35,0,1,82.1708,28,1,2,0,0,1,1,0,0,0,0,0,0,0,1,0,0,0
36,0,1,52,42,1,2,0,1,0,1,0,0,0,0,0,0,0,1,0,0,0
37,1,3,7.2292,25.96226361,1,1,1,0,1,1,0,0,0,0,0,0,0,1,0,0,0
38,0,3,8.05,21,1,1,1,1,0,1,0,0,0,0,0,0,0,1,0,0,0
39,0,3,18,18,0,3,0,1,0,1,0,0,0,0,0,0,0,0,0,1,0
40,1,3,11.2417,14,0,2,0,0,1,1,0,0,0,0,0,0,0,0,0,1,0
41,0,3,9.475,40,0,2,0,1,0,1,0,0,0,0,0,0,0,0,1,0,0
42,0,2,21,27,0,2,0,1,0,1,0,0,0,0,0,0,0,0,1,0,0
43,0,3,7.8958,25.96226361,1,1,1,0,1,1,0,0,0,0,0,0,0,1,0,0,0
44,1,2,41.5792,3,0,4,0,0,1,1,0,0,0,0,0,0,0,0,0,1,0
45,1,3,7.8792,19,0,1,1,0,0,1,0,0,0,0,0,0,0,0,0,1,0
46,0,3,8.05,25.96226361,1,1,1,1,0,1,0,0,0,0,0,0,0,1,0,0,0
47,0,3,15.5,25.96226361,1,2,0,0,0,1,0,0,0,0,0,0,0,1,0,0,0
48,1,3,7.75,22.18532895,0,1,1,0,0,1,0,0,0,0,0,0,0,0,0,1,0
49,0,3,21.6792,25.96226361,1,3,0,0,1,1,0,0,0,0,0,0,0,1,0,0,0
50,0,3,17.8,18,0,2,0,1,0,1,0,0,0,0,0,0,0,0,1,0,0
51,0,3,39.6875,7,1,6,0,1,0,1,0,0,0,0,0,0,0,0,0,0,1
52,0,3,7.8,21,1,1,1,1,0,1,0,0,0,0,0,0,0,1,0,0,0
53,1,1,76.7292,49,0,2,0,0,1,0,0,0,0,1,0,0,0,0,1,0,0
54,1,2,26,29,0,2,0,1,0,1,0,0,0,0,0,0,0,0,1,0,0
55,0,1,61.9792,65,1,2,0,0,1,0,0,0,0,0,0,1,0,1,0,0,0
56,1,1,35.5,41.02927152,1,1,1,1,0,0,1,0,0,0,0,0,0,1,0,0,0
57,1,2,10.5,21,0,1,1,1,0,1,0,0,0,0,0,0,0,0,0,1,0
58,0,3,7.2292,28.5,1,1,1,0,1,1,0,0,0,0,0,0,0,1,0,0,0
59,1,2,27.75,5,0,4,0,1,0,1,0,0,0,0,0,0,0,0,0,1,0
60,0,3,46.9,11,1,8,0,1,0,1,0,0,0,0,0,0,0,0,0,0,1
61,0,3,7.2292,22,1,1,1,0,1,1,0,0,0,0,0,0,0,1,0,0,0
62,1,1,80,38,0,1,1,1,0,0,0,0,0,0,0,1,0,0,0,1,0
63,0,1,83.475,45,1,2,0,1,0,0,1,0,0,0,0,0,0,1,0,0,0
64,0,3,27.9,4,1,6,0,1,0,1,0,0,0,0,0,0,0,0,0,0,1
65,0,1,27.7208,41.02927152,1,1,1,0,1,1,0,0,0,0,0,0,0,1,0,0,0
66,1,3,15.2458,25.96226361,1,3,0,0,1,1,0,0,0,0,0,0,0,0,0,0,1
67,1,2,10.5,29,0,1,1,1,0,0,0,0,0,0,0,0,1,0,1,0,0
68,0,3,8.1583,19,1,1,1,1,0,1,0,0,0,0,0,0,0,1,0,0,0
69,1,3,7.925,17,0,7,0,1,0,1,0,0,0,0,0,0,0,0,0,1,0
70,0,3,8.6625,26,1,3,0,1,0,1,0,0,0,0,0,0,0,1,0,0,0
71,0,2,10.5,32,1,1,1,1,0,1,0,0,0,0,0,0,0,1,0,0,0
72,0,3,46.9,16,0,8,0,1,0,1,0,0,0,0,0,0,0,0,0,1,0
73,0,2,73.5,21,1,1,1,1,0,1,0,0,0,0,0,0,0,1,0,0,0
74,0,3,14.4542,26,1,2,0,0,1,1,0,0,0,0,0,0,0,1,0,0,0
75,1,3,56.4958,32,1,1,1,1,0,1,0,0,0,0,0,0,0,1,0,0,0
76,0,3,7.65,25,1,1,1,1,0,0,0,0,0,0,0,0,1,1,0,0,0
77,0,3,7.8958,25.96226361,1,1,1,1,0,1,0,0,0,0,0,0,0,1,0,0,0
78,0,3,8.05,25.96226361,1,1,1,1,0,1,0,0,0,0,0,0,0,1,0,0,0
79,1,2,29,0.83,1,3,0,1,0,1,0,0,0,0,0,0,0,0,0,0,1
80,1,3,12.475,30,0,1,1,1,0,1,0,0,0,0,0,0,0,0,0,1,0
81,0,3,9,22,1,1,1,1,0,1,0,0,0,0,0,0,0,1,0,0,0
82,1,3,9.5,29,1,1,1,1,0,1,0,0,0,0,0,0,0,1,0,0,0
83,1,3,7.7875,22.18532895,0,1,1,0,0,1,0,0,0,0,0,0,0,0,0,1,0
84,0,1,47.1,28,1,1,1,1,0,1,0,0,0,0,0,0,0,1,0,0,0
85,1,2,10.5,17,0,1,1,1,0,1,0,0,0,0,0,0,0,0,0,1,0
86,1,3,15.85,33,0,4,0,1,0,1,0,0,0,0,0,0,0,0,1,0,0
87,0,3,34.375,16,1,5,0,1,0,1,0,0,0,0,0,0,0,1,0,0,0
88,0,3,8.05,25.96226361,1,1,1,1,0,1,0,0,0,0,0,0,0,1,0,0,0
89,1,1,263,23,0,6,0,1,0,0,1,0,0,0,0,0,0,0,0,1,0
90,0,3,8.05,24,1,1,1,1,0,1,0,0,0,0,0,0,0,1,0,0,0
91,0,3,8.05,29,1,1,1,1,0,1,0,0,0,0,0,0,0,1,0,0,0
92,0,3,7.8542,20,1,1,1,1,0,1,0,0,0,0,0,0,0,1,0,0,0
93,0,1,61.175,46,1,2,0,1,0,0,0,1,0,0,0,0,0,1,0,0,0
94,0,3,20.575,26,1,4,0,1,0,1,0,0,0,0,0,0,0,1,0,0,0
95,0,3,7.25,59,1,1,1,1,0,1,0,0,0,0,0,0,0,1,0,0,0
96,0,3,8.05,25.96226361,1,1,1,1,0,1,0,0,0,0,0,0,0,1,0,0,0
97,0,1,34.6542,71,1,1,1,0,1,0,0,0,0,0,1,0,0,1,0,0,0
98,1,1,63.3583,23,1,2,0,0,1,0,0,0,0,1,0,0,0,1,0,0,0
99,1,2,23,34,0,2,0,1,0,1,0,0,0,0,0,0,0,0,1,0,0
100,0,2,26,34,1,2,0,1,0,1,0,0,0,0,0,0,0,1,0,0,0
101,0,3,7.8958,28,0,1,1,1,0,1,0,0,0,0,0,0,0,0,0,1,0
102,0,3,7.8958,25.96226361,1,1,1,1,0,1,0,0,0,0,0,0,0,1,0,0,0
103,0,1,77.2875,21,1,2,0,1,0,0,0,0,0,1,0,0,0,1,0,0,0
104,0,3,8.6542,33,1,1,1,1,0,1,0,0,0,0,0,0,0,1,0,0,0
105,0,3,7.925,37,1,3,0,1,0,1,0,0,0,0,0,0,0,1,0,0,0
106,0,3,7.8958,28,1,1,1,1,0,1,0,0,0,0,0,0,0,1,0,0,0
107,1,3,7.65,21,0,1,1,1,0,1,0,0,0,0,0,0,0,0,0,1,0
108,1,3,7.775,25.96226361,1,1,1,1,0,1,0,0,0,0,0,0,0,1,0,0,0
109,0,3,7.8958,38,1,1,1,1,0,1,0,0,0,0,0,0,0,1,0,0,0
110,1,3,24.15,22.18532895,0,2,0,0,0,1,0,0,0,0,0,0,0,0,0,1,0
111,0,1,52,47,1,1,1,1,0,0,1,0,0,0,0,0,0,1,0,0,0
112,0,3,14.4542,14.5,0,2,0,0,1,1,0,0,0,0,0,0,0,0,0,1,0
113,0,3,8.05,22,1,1,1,1,0,1,0,0,0,0,0,0,0,1,0,0,0
114,0,3,9.825,20,0,2,0,1,0,1,0,0,0,0,0,0,0,0,0,1,0
115,0,3,14.4583,17,0,1,1,0,1,1,0,0,0,0,0,0,0,0,0,1,0
116,0,3,7.925,21,1,1,1,1,0,1,0,0,0,0,0,0,0,1,0,0,0
117,0,3,7.75,70.5,1,1,1,0,0,1,0,0,0,0,0,0,0,1,0,0,0
118,0,2,21,29,1,2,0,1,0,1,0,0,0,0,0,0,0,1,0,0,0
119,0,1,247.5208,24,1,2,0,0,1,0,0,0,0,0,0,1,0,1,0,0,0
120,0,3,31.275,2,0,7,0,1,0,1,0,0,0,0,0,0,0,0,0,1,0
121,0,2,73.5,21,1,3,0,1,0,1,0,0,0,0,0,0,0,1,0,0,0
122,0,3,8.05,25.96226361,1,1,1,1,0,1,0,0,0,0,0,0,0,1,0,0,0
123,0,2,30.0708,32.5,1,2,0,0,1,1,0,0,0,0,0,0,0,1,0,0,0
124,1,2,13,32.5,0,1,1,1,0,0,0,1,0,0,0,0,0,0,0,1,0
125,0,1,77.2875,54,1,2,0,1,0,0,0,0,0,1,0,0,0,1,0,0,0
126,1,3,11.2417,12,1,2,0,0,1,1,0,0,0,0,0,0,0,0,0,0,1
127,0,3,7.75,25.96226361,1,1,1,0,0,1,0,0,0,0,0,0,0,1,0,0,0
128,1,3,7.1417,24,1,1,1,1,0,1,0,0,0,0,0,0,0,1,0,0,0
129,1,3,22.3583,22.18532895,0,3,0,0,1,0,0,0,0,0,0,0,1,0,0,1,0
130,0,3,6.975,45,1,1,1,1,0,1,0,0,0,0,0,0,0,1,0,0,0
131,0,3,7.8958,33,1,1,1,0,1,1,0,0,0,0,0,0,0,1,0,0,0
132,0,3,7.05,20,1,1,1,1,0,1,0,0,0,0,0,0,0,1,0,0,0
133,0,3,14.5,47,0,2,0,1,0,1,0,0,0,0,0,0,0,0,1,0,0
134,1,2,26,29,0,2,0,1,0,1,0,0,0,0,0,0,0,0,1,0,0
135,0,2,13,25,1,1,1,1,0,1,0,0,0,0,0,0,0,1,0,0,0
136,0,2,15.0458,23,1,1,1,0,1,1,0,0,0,0,0,0,0,1,0,0,0
137,1,1,26.2833,19,0,3,0,1,0,0,0,0,0,1,0,0,0,0,0,1,0
138,0,1,53.1,37,1,2,0,1,0,0,1,0,0,0,0,0,0,1,0,0,0
139,0,3,9.2167,16,1,1,1,1,0,1,0,0,0,0,0,0,0,1,0,0,0
140,0,1,79.2,24,1,1,1,0,1,0,0,0,0,0,0,1,0,1,0,0,0
141,0,3,15.2458,22.18532895,0,3,0,0,1,1,0,0,0,0,0,0,0,0,1,0,0
142,1,3,7.75,22,0,1,1,1,0,1,0,0,0,0,0,0,0,0,0,1,0
143,1,3,15.85,24,0,2,0,1,0,1,0,0,0,0,0,0,0,0,1,0,0
144,0,3,6.75,19,1,1,1,0,0,1,0,0,0,0,0,0,0,1,0,0,0
145,0,2,11.5,18,1,1,1,1,0,1,0,0,0,0,0,0,0,1,0,0,0
146,0,2,36.75,19,1,3,0,1,0,1,0,0,0,0,0,0,0,1,0,0,0
147,1,3,7.7958,27,1,1,1,1,0,1,0,0,0,0,0,0,0,1,0,0,0
148,0,3,34.375,9,0,5,0,1,0,1,0,0,0,0,0,0,0,0,0,1,0
149,0,2,26,36.5,1,3,0,1,0,0,0,0,0,0,0,0,1,1,0,0,0
150,0,2,13,42,1,1,1,1,0,1,0,0,0,0,0,0,0,0,0,0,0
151,0,2,12.525,51,1,1,1,1,0,1,0,0,0,0,0,0,0,0,0,0,0
152,1,1,66.6,22,0,2,0,1,0,0,1,0,0,0,0,0,0,0,1,0,0
153,0,3,8.05,55.5,1,1,1,1,0,1,0,0,0,0,0,0,0,1,0,0,0
154,0,3,14.5,40.5,1,3,0,1,0,1,0,0,0,0,0,0,0,1,0,0,0
155,0,3,7.3125,25.96226361,1,1,1,1,0,1,0,0,0,0,0,0,0,1,0,0,0
156,0,1,61.3792,51,1,2,0,0,1,1,0,0,0,0,0,0,0,1,0,0,0
157,1,3,7.7333,16,0,1,1,0,0,1,0,0,0,0,0,0,0,0,0,1,0
158,0,3,8.05,30,1,1,1,1,0,1,0,0,0,0,0,0,0,1,0,0,0
159,0,3,8.6625,25.96226361,1,1,1,1,0,1,0,0,0,0,0,0,0,1,0,0,0
160,0,3,69.55,25.96226361,1,11,0,1,0,1,0,0,0,0,0,0,0,0,0,0,1
161,0,3,16.1,44,1,2,0,1,0,1,0,0,0,0,0,0,0,1,0,0,0
162,1,2,15.75,40,0,1,1,1,0,1,0,0,0,0,0,0,0,0,1,0,0
163,0,3,7.775,26,1,1,1,1,0,1,0,0,0,0,0,0,0,1,0,0,0
164,0,3,8.6625,17,1,1,1,1,0,1,0,0,0,0,0,0,0,1,0,0,0
165,0,3,39.6875,1,1,6,0,1,0,1,0,0,0,0,0,0,0,0,0,0,1
166,1,3,20.525,9,1,3,0,1,0,1,0,0,0,0,0,0,0,0,0,0,1
167,1,1,55,37.03759398,0,2,0,1,0,0,0,1,0,0,0,0,0,0,1,0,0
168,0,3,27.9,45,0,6,0,1,0,1,0,0,0,0,0,0,0,0,1,0,0
169,0,1,25.925,41.02927152,1,1,1,1,0,1,0,0,0,0,0,0,0,1,0,0,0
170,0,3,56.4958,28,1,1,1,1,0,1,0,0,0,0,0,0,0,1,0,0,0
171,0,1,33.5,61,1,1,1,1,0,0,0,0,0,0,0,1,0,1,0,0,0
172,0,3,29.125,4,1,6,0,0,0,1,0,0,0,0,0,0,0,0,0,0,1
173,1,3,11.1333,1,0,3,0,1,0,1,0,0,0,0,0,0,0,0,0,1,0
174,0,3,7.925,21,1,1,1,1,0,1,0,0,0,0,0,0,0,1,0,0,0
175,0,1,30.6958,56,1,1,1,0,1,0,0,0,0,0,1,0,0,1,0,0,0
176,0,3,7.8542,18,1,3,0,1,0,1,0,0,0,0,0,0,0,1,0,0,0
177,0,3,25.4667,25.96226361,1,5,0,1,0,1,0,0,0,0,0,0,0,0,0,0,1
178,0,1,28.7125,50,0,1,1,0,1,0,1,0,0,0,0,0,0,0,0,1,0
179,0,2,13,30,1,1,1,1,0,1,0,0,0,0,0,0,0,1,0,0,0
180,0,3,0,36,1,1,1,1,0,1,0,0,0,0,0,0,0,1,0,0,0
181,0,3,69.55,22.18532895,0,11,0,1,0,1,0,0,0,0,0,0,0,0,0,1,0
182,0,2,15.05,30.81537975,1,1,1,0,1,1,0,0,0,0,0,0,0,1,0,0,0
183,0,3,31.3875,9,1,7,0,1,0,1,0,0,0,0,0,0,0,0,0,0,1
184,1,2,39,1,1,4,0,1,0,0,0,0,0,0,0,0,1,0,0,0,1
185,1,3,22.025,4,0,3,0,1,0,1,0,0,0,0,0,0,0,0,0,1,0
186,0,1,50,41.02927152,1,1,1,1,0,0,0,0,0,0,1,0,0,1,0,0,0
187,1,3,15.5,22.18532895,0,2,0,0,0,1,0,0,0,0,0,0,0,0,1,0,0
188,1,1,26.55,45,1,1,1,1,0,1,0,0,0,0,0,0,0,1,0,0,0
189,0,3,15.5,40,1,3,0,0,0,1,0,0,0,0,0,0,0,1,0,0,0
190,0,3,7.8958,36,1,1,1,1,0,1,0,0,0,0,0,0,0,1,0,0,0
191,1,2,13,32,0,1,1,1,0,1,0,0,0,0,0,0,0,0,1,0,0
192,0,2,13,19,1,1,1,1,0,1,0,0,0,0,0,0,0,1,0,0,0
193,1,3,7.8542,19,0,2,0,1,0,1,0,0,0,0,0,0,0,0,0,1,0
194,1,2,26,3,1,3,0,1,0,0,0,0,0,0,0,0,1,0,0,0,1
195,1,1,27.7208,44,0,1,1,0,1,0,0,0,0,0,0,1,0,0,1,0,0
196,1,1,146.5208,58,0,1,1,0,1,0,0,0,0,0,0,1,0,0,0,1,0
197,0,3,7.75,25.96226361,1,1,1,0,0,1,0,0,0,0,0,0,0,1,0,0,0
198,0,3,8.4042,42,1,2,0,1,0,1,0,0,0,0,0,0,0,1,0,0,0
199,1,3,7.75,22.18532895,0,1,1,0,0,1,0,0,0,0,0,0,0,0,0,1,0
200,0,2,13,24,0,1,1,1,0,1,0,0,0,0,0,0,0,0,0,1,0
201,0,3,9.5,28,1,1,1,1,0,1,0,0,0,0,0,0,0,1,0,0,0
202,0,3,69.55,25.96226361,1,11,0,1,0,1,0,0,0,0,0,0,0,1,0,0,0
203,0,3,6.4958,34,1,1,1,1,0,1,0,0,0,0,0,0,0,1,0,0,0
204,0,3,7.225,45.5,1,1,1,0,1,1,0,0,0,0,0,0,0,1,0,0,0
205,1,3,8.05,18,1,1,1,1,0,1,0,0,0,0,0,0,0,1,0,0,0
206,0,3,10.4625,2,0,2,0,1,0,0,0,0,1,0,0,0,0,0,0,1,0
207,0,3,15.85,32,1,2,0,1,0,1,0,0,0,0,0,0,0,1,0,0,0
208,1,3,18.7875,26,1,1,1,0,1,1,0,0,0,0,0,0,0,1,0,0,0
209,1,3,7.75,16,0,1,1,0,0,1,0,0,0,0,0,0,0,0,0,1,0
210,1,1,31,40,1,1,1,0,1,0,0,0,0,0,1,0,0,1,0,0,0
211,0,3,7.05,24,1,1,1,1,0,1,0,0,0,0,0,0,0,1,0,0,0
212,1,2,21,35,0,1,1,1,0,1,0,0,0,0,0,0,0,0,0,1,0
213,0,3,7.25,22,1,1,1,1,0,1,0,0,0,0,0,0,0,1,0,0,0
214,0,2,13,30,1,1,1,1,0,1,0,0,0,0,0,0,0,1,0,0,0
215,0,3,7.75,25.96226361,1,2,0,0,0,1,0,0,0,0,0,0,0,1,0,0,0
216,1,1,113.275,31,0,2,0,0,1,0,0,0,0,1,0,0,0,0,0,1,0
217,1,3,7.925,27,0,1,1,1,0,1,0,0,0,0,0,0,0,0,0,1,0
218,0,2,27,42,1,2,0,1,0,1,0,0,0,0,0,0,0,1,0,0,0
219,1,1,76.2917,32,0,1,1,0,1,0,0,0,0,1,0,0,0,0,0,1,0
220,0,2,10.5,30,1,1,1,1,0,1,0,0,0,0,0,0,0,1,0,0,0
221,1,3,8.05,16,1,1,1,1,0,1,0,0,0,0,0,0,0,1,0,0,0
222,0,2,13,27,1,1,1,1,0,1,0,0,0,0,0,0,0,1,0,0,0
223,0,3,8.05,51,1,1,1,1,0,1,0,0,0,0,0,0,0,1,0,0,0
224,0,3,7.8958,25.96226361,1,1,1,1,0,1,0,0,0,0,0,0,0,1,0,0,0
225,1,1,90,38,1,2,0,1,0,0,1,0,0,0,0,0,0,1,0,0,0
226,0,3,9.35,22,1,1,1,1,0,1,0,0,0,0,0,0,0,1,0,0,0
227,1,2,10.5,19,1,1,1,1,0,1,0,0,0,0,0,0,0,1,0,0,0
228,0,3,7.25,20.5,1,1,1,1,0,1,0,0,0,0,0,0,0,1,0,0,0
229,0,2,13,18,1,1,1,1,0,1,0,0,0,0,0,0,0,1,0,0,0
230,0,3,25.4667,22.18532895,0,5,0,1,0,1,0,0,0,0,0,0,0,0,0,1,0
231,1,1,83.475,35,0,2,0,1,0,0,1,0,0,0,0,0,0,0,1,0,0
232,0,3,7.775,29,1,1,1,1,0,1,0,0,0,0,0,0,0,1,0,0,0
233,0,2,13.5,59,1,1,1,1,0,1,0,0,0,0,0,0,0,1,0,0,0
234,1,3,31.3875,5,0,7,0,1,0,1,0,0,0,0,0,0,0,0,0,1,0
235,0,2,10.5,24,1,1,1,1,0,1,0,0,0,0,0,0,0,1,0,0,0
236,0,3,7.55,22.18532895,0,1,1,1,0,1,0,0,0,0,0,0,0,0,0,1,0
237,0,2,26,44,1,2,0,1,0,1,0,0,0,0,0,0,0,1,0,0,0
238,1,2,26.25,8,0,3,0,1,0,1,0,0,0,0,0,0,0,0,0,1,0
239,0,2,10.5,19,1,1,1,1,0,1,0,0,0,0,0,0,0,1,0,0,0
240,0,2,12.275,33,1,1,1,1,0,1,0,0,0,0,0,0,0,1,0,0,0
241,0,3,14.4542,22.18532895,0,2,0,0,1,1,0,0,0,0,0,0,0,0,0,1,0
242,1,3,15.5,22.18532895,0,2,0,0,0,1,0,0,0,0,0,0,0,0,0,1,0
243,0,2,10.5,29,1,1,1,1,0,1,0,0,0,0,0,0,0,1,0,0,0
244,0,3,7.125,22,1,1,1,1,0,1,0,0,0,0,0,0,0,1,0,0,0
245,0,3,7.225,30,1,1,1,0,1,1,0,0,0,0,0,0,0,1,0,0,0
246,0,1,90,44,1,3,0,0,0,0,1,0,0,0,0,0,0,0,0,0,0
247,0,3,7.775,25,0,1,1,1,0,1,0,0,0,0,0,0,0,0,0,1,0
248,1,2,14.5,24,0,3,0,1,0,1,0,0,0,0,0,0,0,0,1,0,0
249,1,1,52.5542,37,1,3,0,1,0,0,0,0,0,1,0,0,0,1,0,0,0
250,0,2,26,54,1,2,0,1,0,1,0,0,0,0,0,0,0,0,0,0,0
251,0,3,7.25,25.96226361,1,1,1,1,0,1,0,0,0,0,0,0,0,1,0,0,0
252,0,3,10.4625,29,0,3,0,1,0,0,0,0,1,0,0,0,0,0,1,0,0
253,0,1,26.55,62,1,1,1,1,0,0,1,0,0,0,0,0,0,1,0,0,0
254,0,3,16.1,30,1,2,0,1,0,1,0,0,0,0,0,0,0,1,0,0,0
255,0,3,20.2125,41,0,3,0,1,0,1,0,0,0,0,0,0,0,0,1,0,0
256,1,3,15.2458,29,0,3,0,0,1,1,0,0,0,0,0,0,0,0,1,0,0
257,1,1,79.2,37.03759398,0,1,1,0,1,1,0,0,0,0,0,0,0,0,1,0,0
258,1,1,86.5,30,0,1,1,1,0,0,0,0,0,0,0,1,0,0,0,1,0
259,1,1,512.3292,35,0,1,1,0,1,1,0,0,0,0,0,0,0,0,0,1,0
260,1,2,26,50,0,2,0,1,0,1,0,0,0,0,0,0,0,0,1,0,0
261,0,3,7.75,25.96226361,1,1,1,0,0,1,0,0,0,0,0,0,0,1,0,0,0
262,1,3,31.3875,3,1,7,0,1,0,1,0,0,0,0,0,0,0,0,0,0,1
263,0,1,79.65,52,1,3,0,1,0,0,0,1,0,0,0,0,0,1,0,0,0
264,0,1,0,40,1,1,1,1,0,0,0,0,0,0,0,1,0,1,0,0,0
265,0,3,7.75,22.18532895,0,1,1,0,0,1,0,0,0,0,0,0,0,0,0,1,0
266,0,2,10.5,36,1,1,1,1,0,1,0,0,0,0,0,0,0,1,0,0,0
267,0,3,39.6875,16,1,6,0,1,0,1,0,0,0,0,0,0,0,1,0,0,0
268,1,3,7.775,25,1,2,0,1,0,1,0,0,0,0,0,0,0,1,0,0,0
269,1,1,153.4625,58,0,2,0,1,0,0,1,0,0,0,0,0,0,0,1,0,0
270,1,1,135.6333,35,0,1,1,1,0,0,1,0,0,0,0,0,0,0,0,1,0
271,0,1,31,41.02927152,1,1,1,1,0,1,0,0,0,0,0,0,0,1,0,0,0
272,1,3,0,25,1,1,1,1,0,1,0,0,0,0,0,0,0,1,0,0,0
273,1,2,19.5,41,0,2,0,1,0,1,0,0,0,0,0,0,0,0,1,0,0
274,0,1,29.7,37,1,2,0,0,1,0,1,0,0,0,0,0,0,1,0,0,0
275,1,3,7.75,22.18532895,0,1,1,0,0,1,0,0,0,0,0,0,0,0,0,1,0
276,1,1,77.9583,63,0,2,0,1,0,0,0,0,0,1,0,0,0,0,0,1,0
277,0,3,7.75,45,0,1,1,1,0,1,0,0,0,0,0,0,0,0,0,1,0
278,0,2,0,30.81537975,1,1,1,1,0,1,0,0,0,0,0,0,0,1,0,0,0
279,0,3,29.125,7,1,6,0,0,0,1,0,0,0,0,0,0,0,0,0,0,1
280,1,3,20.25,35,0,3,0,1,0,1,0,0,0,0,0,0,0,0,1,0,0
281,0,3,7.75,65,1,1,1,0,0,1,0,0,0,0,0,0,0,1,0,0,0
282,0,3,7.8542,28,1,1,1,1,0,1,0,0,0,0,0,0,0,1,0,0,0
283,0,3,9.5,16,1,1,1,1,0,1,0,0,0,0,0,0,0,1,0,0,0
284,1,3,8.05,19,1,1,1,1,0,1,0,0,0,0,0,0,0,1,0,0,0
285,0,1,26,41.02927152,1,1,1,1,0,0,0,0,0,0,1,0,0,1,0,0,0
286,0,3,8.6625,33,1,1,1,0,1,1,0,0,0,0,0,0,0,1,0,0,0
287,1,3,9.5,30,1,1,1,1,0,1,0,0,0,0,0,0,0,1,0,0,0
288,0,3,7.8958,22,1,1,1,1,0,1,0,0,0,0,0,0,0,1,0,0,0
289,1,2,13,42,1,1,1,1,0,1,0,0,0,0,0,0,0,1,0,0,0
290,1,3,7.75,22,0,1,1,0,0,1,0,0,0,0,0,0,0,0,0,1,0
291,1,1,78.85,26,0,1,1,1,0,1,0,0,0,0,0,0,0,0,0,1,0
292,1,1,91.0792,19,0,2,0,0,1,0,0,0,0,0,0,1,0,0,1,0,0
293,0,2,12.875,36,1,1,1,0,1,0,0,0,0,1,0,0,0,1,0,0,0
294,0,3,8.85,24,0,1,1,1,0,1,0,0,0,0,0,0,0,0,0,1,0
295,0,3,7.8958,24,1,1,1,1,0,1,0,0,0,0,0,0,0,1,0,0,0
296,0,1,27.7208,41.02927152,1,1,1,0,1,1,0,0,0,0,0,0,0,1,0,0,0
297,0,3,7.2292,23.5,1,1,1,0,1,1,0,0,0,0,0,0,0,1,0,0,0
298,0,1,151.55,2,0,4,0,1,0,0,1,0,0,0,0,0,0,0,0,1,0
299,1,1,30.5,41.02927152,1,1,1,1,0,0,1,0,0,0,0,0,0,1,0,0,0
300,1,1,247.5208,50,0,2,0,0,1,0,0,0,0,0,0,1,0,0,1,0,0
301,1,3,7.75,22.18532895,0,1,1,0,0,1,0,0,0,0,0,0,0,0,0,1,0
302,1,3,23.25,25.96226361,1,3,0,0,0,1,0,0,0,0,0,0,0,1,0,0,0
303,0,3,0,19,1,1,1,1,0,1,0,0,0,0,0,0,0,1,0,0,0
304,1,2,12.35,27.4992233,0,1,1,0,0,0,0,1,0,0,0,0,0,0,0,1,0
305,0,3,8.05,25.96226361,1,1,1,1,0,1,0,0,0,0,0,0,0,1,0,0,0
306,1,1,151.55,0.92,1,4,0,1,0,0,1,0,0,0,0,0,0,0,0,0,1
307,1,1,110.8833,37.03759398,0,1,1,0,1,1,0,0,0,0,0,0,0,0,0,1,0
308,1,1,108.9,17,0,2,0,0,1,0,1,0,0,0,0,0,0,0,1,0,0
309,0,2,24,30,1,2,0,0,1,1,0,0,0,0,0,0,0,1,0,0,0
310,1,1,56.9292,30,0,1,1,0,1,0,0,1,0,0,0,0,0,0,0,1,0
311,1,1,83.1583,24,0,1,1,0,1,0,1,0,0,0,0,0,0,0,0,1,0
312,1,1,262.375,18,0,5,0,0,1,0,0,0,0,0,0,1,0,0,0,1,0
313,0,2,26,26,0,3,0,1,0,1,0,0,0,0,0,0,0,0,1,0,0
314,0,3,7.8958,28,1,1,1,1,0,1,0,0,0,0,0,0,0,1,0,0,0
315,0,2,26.25,43,1,3,0,1,0,1,0,0,0,0,0,0,0,1,0,0,0
316,1,3,7.8542,26,0,1,1,1,0,1,0,0,0,0,0,0,0,0,0,1,0
317,1,2,26,24,0,2,0,1,0,1,0,0,0,0,0,0,0,0,1,0,0
318,0,2,14,54,1,1,1,1,0,1,0,0,0,0,0,0,0,0,0,0,0
319,1,1,164.8667,31,0,3,0,1,0,0,1,0,0,0,0,0,0,0,0,1,0
320,1,1,134.5,40,0,3,0,0,1,0,0,1,0,0,0,0,0,0,1,0,0
321,0,3,7.25,22,1,1,1,1,0,1,0,0,0,0,0,0,0,1,0,0,0
322,0,3,7.8958,27,1,1,1,1,0,1,0,0,0,0,0,0,0,1,0,0,0
323,1,2,12.35,30,0,1,1,0,0,1,0,0,0,0,0,0,0,0,0,1,0
324,1,2,29,22,0,3,0,1,0,1,0,0,0,0,0,0,0,0,1,0,0
325,0,3,69.55,25.96226361,1,11,0,1,0,1,0,0,0,0,0,0,0,1,0,0,0
326,1,1,135.6333,36,0,1,1,0,1,0,1,0,0,0,0,0,0,0,0,1,0
327,0,3,6.2375,61,1,1,1,1,0,1,0,0,0,0,0,0,0,1,0,0,0
328,1,2,13,36,0,1,1,1,0,0,0,0,0,1,0,0,0,0,1,0,0
329,1,3,20.525,31,0,3,0,1,0,1,0,0,0,0,0,0,0,0,1,0,0
330,1,1,57.9792,16,0,2,0,0,1,0,0,0,0,0,0,1,0,0,0,1,0
331,1,3,23.25,22.18532895,0,3,0,0,0,1,0,0,0,0,0,0,0,0,0,1,0
332,0,1,28.5,45.5,1,1,1,1,0,0,1,0,0,0,0,0,0,1,0,0,0
333,0,1,153.4625,38,1,2,0,1,0,0,1,0,0,0,0,0,0,1,0,0,0
334,0,3,18,16,1,3,0,1,0,1,0,0,0,0,0,0,0,1,0,0,0
335,1,1,133.65,37.03759398,0,2,0,1,0,1,0,0,0,0,0,0,0,0,1,0,0
336,0,3,7.8958,25.96226361,1,1,1,1,0,1,0,0,0,0,0,0,0,1,0,0,0
337,0,1,66.6,29,1,2,0,1,0,0,1,0,0,0,0,0,0,1,0,0,0
338,1,1,134.5,41,0,1,1,0,1,0,0,1,0,0,0,0,0,0,0,1,0
339,1,3,8.05,45,1,1,1,1,0,1,0,0,0,0,0,0,0,1,0,0,0
340,0,1,35.5,45,1,1,1,1,0,0,0,0,0,0,0,0,0,1,0,0,0
341,1,2,26,2,1,3,0,1,0,0,0,0,0,0,0,0,1,0,0,0,1
342,1,1,263,24,0,6,0,1,0,0,1,0,0,0,0,0,0,0,0,1,0
343,0,2,13,28,1,1,1,1,0,1,0,0,0,0,0,0,0,1,0,0,0
344,0,2,13,25,1,1,1,1,0,1,0,0,0,0,0,0,0,1,0,0,0
345,0,2,13,36,1,1,1,1,0,1,0,0,0,0,0,0,0,1,0,0,0
346,1,2,13,24,0,1,1,1,0,0,0,0,0,0,0,0,1,0,0,1,0
347,1,2,13,40,0,1,1,1,0,1,0,0,0,0,0,0,0,0,0,1,0
348,1,3,16.1,22.18532895,0,2,0,1,0,1,0,0,0,0,0,0,0,0,1,0,0
349,1,3,15.9,3,1,3,0,1,0,1,0,0,0,0,0,0,0,0,0,0,1
350,0,3,8.6625,42,1,1,1,1,0,1,0,0,0,0,0,0,0,1,0,0,0
351,0,3,9.225,23,1,1,1,1,0,1,0,0,0,0,0,0,0,1,0,0,0
352,0,1,35,41.02927152,1,1,1,1,0,0,1,0,0,0,0,0,0,1,0,0,0
353,0,3,7.2292,15,1,3,0,0,1,1,0,0,0,0,0,0,0,1,0,0,0
354,0,3,17.8,25,1,2,0,1,0,1,0,0,0,0,0,0,0,1,0,0,0
355,0,3,7.225,25.96226361,1,1,1,0,1,1,0,0,0,0,0,0,0,1,0,0,0
356,0,3,9.5,28,1,1,1,1,0,1,0,0,0,0,0,0,0,1,0,0,0
357,1,1,55,22,0,2,0,1,0,0,0,1,0,0,0,0,0,0,0,1,0
358,0,2,13,38,0,1,1,1,0,1,0,0,0,0,0,0,0,0,0,1,0
359,1,3,7.8792,22.18532895,0,1,1,0,0,1,0,0,0,0,0,0,0,0,0,1,0
360,1,3,7.8792,22.18532895,0,1,1,0,0,1,0,0,0,0,0,0,0,0,0,1,0
361,0,3,27.9,40,1,6,0,1,0,1,0,0,0,0,0,0,0,1,0,0,0
362,0,2,27.7208,29,1,2,0,0,1,1,0,0,0,0,0,0,0,1,0,0,0
363,0,3,14.4542,45,0,2,0,0,1,1,0,0,0,0,0,0,0,0,1,0,0
364,0,3,7.05,35,1,1,1,1,0,1,0,0,0,0,0,0,0,1,0,0,0
365,0,3,15.5,25.96226361,1,2,0,0,0,1,0,0,0,0,0,0,0,1,0,0,0
366,0,3,7.25,30,1,1,1,1,0,1,0,0,0,0,0,0,0,1,0,0,0
367,1,1,75.25,60,0,2,0,0,1,0,0,0,0,1,0,0,0,0,1,0,0
368,1,3,7.2292,22.18532895,0,1,1,0,1,1,0,0,0,0,0,0,0,0,1,0,0
369,1,3,7.75,22.18532895,0,1,1,0,0,1,0,0,0,0,0,0,0,0,0,1,0
370,1,1,69.3,24,0,1,1,0,1,0,0,0,0,0,0,1,0,0,1,0,0
371,1,1,55.4417,25,1,2,0,0,1,0,0,1,0,0,0,0,0,1,0,0,0
372,0,3,6.4958,18,1,2,0,1,0,1,0,0,0,0,0,0,0,1,0,0,0
373,0,3,8.05,19,1,1,1,1,0,1,0,0,0,0,0,0,0,1,0,0,0
374,0,1,135.6333,22,1,1,1,0,1,1,0,0,0,0,0,0,0,1,0,0,0
375,0,3,21.075,3,0,5,0,1,0,1,0,0,0,0,0,0,0,0,0,1,0
376,1,1,82.1708,37.03759398,0,2,0,0,1,1,0,0,0,0,0,0,0,0,1,0,0
377,1,3,7.25,22,0,1,1,1,0,1,0,0,0,0,0,0,0,0,0,1,0
378,0,1,211.5,27,1,3,0,0,1,0,1,0,0,0,0,0,0,1,0,0,0
379,0,3,4.0125,20,1,1,1,0,1,1,0,0,0,0,0,0,0,1,0,0,0
380,0,3,7.775,19,1,1,1,1,0,1,0,0,0,0,0,0,0,1,0,0,0
381,1,1,227.525,42,0,1,1,0,1,1,0,0,0,0,0,0,0,0,0,1,0
382,1,3,15.7417,1,0,3,0,0,1,1,0,0,0,0,0,0,0,0,0,1,0
383,0,3,7.925,32,1,1,1,1,0,1,0,0,0,0,0,0,0,1,0,0,0
384,1,1,52,35,0,2,0,1,0,1,0,0,0,0,0,0,0,0,1,0,0
385,0,3,7.8958,25.96226361,1,1,1,1,0,1,0,0,0,0,0,0,0,1,0,0,0
386,0,2,73.5,18,1,1,1,1,0,1,0,0,0,0,0,0,0,1,0,0,0
387,0,3,46.9,1,1,8,0,1,0,1,0,0,0,0,0,0,0,0,0,0,1
388,1,2,13,36,0,1,1,1,0,1,0,0,0,0,0,0,0,0,0,1,0
389,0,3,7.7292,25.96226361,1,1,1,0,0,1,0,0,0,0,0,0,0,1,0,0,0
390,1,2,12,17,0,1,1,0,1,1,0,0,0,0,0,0,0,0,0,1,0
391,1,1,120,36,1,4,0,1,0,0,0,0,0,0,0,1,0,1,0,0,0
392,1,3,7.7958,21,1,1,1,1,0,1,0,0,0,0,0,0,0,1,0,0,0
393,0,3,7.925,28,1,3,0,1,0,1,0,0,0,0,0,0,0,1,0,0,0
394,1,1,113.275,23,0,2,0,0,1,0,0,0,0,1,0,0,0,0,0,1,0
395,1,3,16.7,24,0,3,0,1,0,0,0,0,1,0,0,0,0,0,1,0,0
396,0,3,7.7958,22,1,1,1,1,0,1,0,0,0,0,0,0,0,1,0,0,0
397,0,3,7.8542,31,0,1,1,1,0,1,0,0,0,0,0,0,0,0,0,1,0
398,0,2,26,46,1,1,1,1,0,1,0,0,0,0,0,0,0,1,0,0,0
399,0,2,10.5,23,1,1,1,1,0,1,0,0,0,0,0,0,0,0,0,0,0
400,1,2,12.65,28,0,1,1,1,0,1,0,0,0,0,0,0,0,0,1,0,0
401,1,3,7.925,39,1,1,1,1,0,1,0,0,0,0,0,0,0,1,0,0,0
402,0,3,8.05,26,1,1,1,1,0,1,0,0,0,0,0,0,0,1,0,0,0
403,0,3,9.825,21,0,2,0,1,0,1,0,0,0,0,0,0,0,0,0,1,0
404,0,3,15.85,28,1,2,0,1,0,1,0,0,0,0,0,0,0,1,0,0,0
405,0,3,8.6625,20,0,1,1,1,0,1,0,0,0,0,0,0,0,0,0,1,0
406,0,2,21,34,1,2,0,1,0,1,0,0,0,0,0,0,0,1,0,0,0
407,0,3,7.75,51,1,1,1,1,0,1,0,0,0,0,0,0,0,1,0,0,0
408,1,2,18.75,3,1,3,0,1,0,1,0,0,0,0,0,0,0,0,0,0,1
409,0,3,7.775,21,1,1,1,1,0,1,0,0,0,0,0,0,0,1,0,0,0
410,0,3,25.4667,22.18532895,0,5,0,1,0,1,0,0,0,0,0,0,0,0,0,1,0
411,0,3,7.8958,25.96226361,1,1,1,1,0,1,0,0,0,0,0,0,0,1,0,0,0
412,0,3,6.8583,25.96226361,1,1,1,0,0,1,0,0,0,0,0,0,0,1,0,0,0
413,1,1,90,33,0,2,0,0,0,0,1,0,0,0,0,0,0,0,0,1,0
414,0,2,0,30.81537975,1,1,1,1,0,1,0,0,0,0,0,0,0,1,0,0,0
415,1,3,7.925,44,1,1,1,1,0,1,0,0,0,0,0,0,0,1,0,0,0
416,0,3,8.05,22.18532895,0,1,1,1,0,1,0,0,0,0,0,0,0,0,1,0,0
417,1,2,32.5,34,0,3,0,1,0,1,0,0,0,0,0,0,0,0,1,0,0
418,1,2,13,18,0,3,0,1,0,1,0,0,0,0,0,0,0,0,0,1,0
419,0,2,13,30,1,1,1,1,0,1,0,0,0,0,0,0,0,1,0,0,0
420,0,3,24.15,10,0,3,0,1,0,1,0,0,0,0,0,0,0,0,0,1,0
421,0,3,7.8958,25.96226361,1,1,1,0,1,1,0,0,0,0,0,0,0,1,0,0,0
422,0,3,7.7333,21,1,1,1,0,0,1,0,0,0,0,0,0,0,1,0,0,0
423,0,3,7.875,29,1,1,1,1,0,1,0,0,0,0,0,0,0,1,0,0,0
424,0,3,14.4,28,0,3,0,1,0,1,0,0,0,0,0,0,0,0,1,0,0
425,0,3,20.2125,18,1,3,0,1,0,1,0,0,0,0,0,0,0,1,0,0,0
426,0,3,7.25,25.96226361,1,1,1,1,0,1,0,0,0,0,0,0,0,1,0,0,0
427,1,2,26,28,0,2,0,1,0,1,0,0,0,0,0,0,0,0,1,0,0
428,1,2,26,19,0,1,1,1,0,1,0,0,0,0,0,0,0,0,0,1,0
429,0,3,7.75,25.96226361,1,1,1,0,0,1,0,0,0,0,0,0,0,1,0,0,0
430,1,3,8.05,32,1,1,1,1,0,0,0,1,0,0,0,0,0,1,0,0,0
431,1,1,26.55,28,1,1,1,1,0,0,1,0,0,0,0,0,0,1,0,0,0
432,1,3,16.1,22.18532895,0,2,0,1,0,1,0,0,0,0,0,0,0,0,1,0,0
433,1,2,26,42,0,2,0,1,0,1,0,0,0,0,0,0,0,0,1,0,0
434,0,3,7.125,17,1,1,1,1,0,1,0,0,0,0,0,0,0,1,0,0,0
435,0,1,55.9,50,1,2,0,1,0,0,0,1,0,0,0,0,0,1,0,0,0
436,1,1,120,14,0,4,0,1,0,0,0,0,0,0,0,1,0,0,0,1,0
437,0,3,34.375,21,0,5,0,1,0,1,0,0,0,0,0,0,0,0,0,1,0
438,1,2,18.75,24,0,6,0,1,0,1,0,0,0,0,0,0,0,0,1,0,0
439,0,1,263,64,1,6,0,1,0,0,1,0,0,0,0,0,0,1,0,0,0
440,0,2,10.5,31,1,1,1,1,0,1,0,0,0,0,0,0,0,1,0,0,0
441,1,2,26.25,45,0,3,0,1,0,1,0,0,0,0,0,0,0,0,1,0,0
442,0,3,9.5,20,1,1,1,1,0,1,0,0,0,0,0,0,0,1,0,0,0
443,0,3,7.775,25,1,2,0,1,0,1,0,0,0,0,0,0,0,1,0,0,0
444,1,2,13,28,0,1,1,1,0,1,0,0,0,0,0,0,0,0,0,1,0
445,1,3,8.1125,25.96226361,1,1,1,1,0,1,0,0,0,0,0,0,0,1,0,0,0
446,1,1,81.8583,4,1,3,0,1,0,0,0,0,0,0,1,0,0,0,0,0,1
447,1,2,19.5,13,0,2,0,1,0,1,0,0,0,0,0,0,0,0,0,1,0
448,1,1,26.55,34,1,1,1,1,0,1,0,0,0,0,0,0,0,1,0,0,0
449,1,3,19.2583,5,0,4,0,0,1,1,0,0,0,0,0,0,0,0,0,1,0
450,1,1,30.5,52,1,1,1,1,0,0,1,0,0,0,0,0,0,0,0,0,0
451,0,2,27.75,36,1,4,0,1,0,1,0,0,0,0,0,0,0,1,0,0,0
452,0,3,19.9667,25.96226361,1,2,0,1,0,1,0,0,0,0,0,0,0,1,0,0,0
453,0,1,27.75,30,1,1,1,0,1,0,1,0,0,0,0,0,0,1,0,0,0
454,1,1,89.1042,49,1,2,0,0,1,0,1,0,0,0,0,0,0,1,0,0,0
455,0,3,8.05,25.96226361,1,1,1,1,0,1,0,0,0,0,0,0,0,1,0,0,0
456,1,3,7.8958,29,1,1,1,0,1,1,0,0,0,0,0,0,0,1,0,0,0
457,0,1,26.55,65,1,1,1,1,0,0,0,1,0,0,0,0,0,1,0,0,0
458,1,1,51.8625,37.03759398,0,2,0,1,0,0,0,0,0,1,0,0,0,0,1,0,0
459,1,2,10.5,50,0,1,1,1,0,1,0,0,0,0,0,0,0,0,0,1,0
460,0,3,7.75,25.96226361,1,1,1,0,0,1,0,0,0,0,0,0,0,1,0,0,0
461,1,1,26.55,48,1,1,1,1,0,0,0,1,0,0,0,0,0,1,0,0,0
462,0,3,8.05,34,1,1,1,1,0,1,0,0,0,0,0,0,0,1,0,0,0
463,0,1,38.5,47,1,1,1,1,0,0,0,1,0,0,0,0,0,1,0,0,0
464,0,2,13,48,1,1,1,1,0,1,0,0,0,0,0,0,0,1,0,0,0
465,0,3,8.05,25.96226361,1,1,1,1,0,1,0,0,0,0,0,0,0,1,0,0,0
466,0,3,7.05,38,1,1,1,1,0,1,0,0,0,0,0,0,0,1,0,0,0
467,0,2,0,30.81537975,1,1,1,1,0,1,0,0,0,0,0,0,0,1,0,0,0
468,0,1,26.55,56,1,1,1,1,0,1,0,0,0,0,0,0,0,1,0,0,0
469,0,3,7.725,25.96226361,1,1,1,0,0,1,0,0,0,0,0,0,0,1,0,0,0
470,1,3,19.2583,0.75,0,4,0,0,1,1,0,0,0,0,0,0,0,0,0,1,0
471,0,3,7.25,25.96226361,1,1,1,1,0,1,0,0,0,0,0,0,0,1,0,0,0
472,0,3,8.6625,38,1,1,1,1,0,1,0,0,0,0,0,0,0,1,0,0,0
473,1,2,27.75,33,0,4,0,1,0,1,0,0,0,0,0,0,0,0,1,0,0
474,1,2,13.7917,23,0,1,1,0,1,0,0,0,0,1,0,0,0,0,1,0,0
475,0,3,9.8375,22,0,1,1,1,0,1,0,0,0,0,0,0,0,0,0,1,0
476,0,1,52,41.02927152,1,1,1,1,0,0,0,0,0,0,1,0,0,1,0,0,0
477,0,2,21,34,1,2,0,1,0,1,0,0,0,0,0,0,0,1,0,0,0
478,0,3,7.0458,29,1,2,0,1,0,1,0,0,0,0,0,0,0,1,0,0,0
479,0,3,7.5208,22,1,1,1,1,0,1,0,0,0,0,0,0,0,1,0,0,0
480,1,3,12.2875,2,0,2,0,1,0,1,0,0,0,0,0,0,0,0,0,1,0
481,0,3,46.9,9,1,8,0,1,0,1,0,0,0,0,0,0,0,0,0,0,1
482,0,2,0,30.81537975,1,1,1,1,0,1,0,0,0,0,0,0,0,1,0,0,0
483,0,3,8.05,50,1,1,1,1,0,1,0,0,0,0,0,0,0,1,0,0,0
484,1,3,9.5875,63,0,1,1,1,0,1,0,0,0,0,0,0,0,0,1,0,0
485,1,1,91.0792,25,1,2,0,0,1,0,0,0,0,0,0,1,0,1,0,0,0
486,0,3,25.4667,22.18532895,0,5,0,1,0,1,0,0,0,0,0,0,0,0,0,1,0
487,1,1,90,35,0,2,0,1,0,0,1,0,0,0,0,0,0,0,1,0,0
488,0,1,29.7,58,1,1,1,0,1,0,0,0,0,0,0,1,0,1,0,0,0
489,0,3,8.05,30,1,1,1,1,0,1,0,0,0,0,0,0,0,1,0,0,0
490,1,3,15.9,9,1,3,0,1,0,1,0,0,0,0,0,0,0,0,0,0,1
491,0,3,19.9667,25.96226361,1,2,0,1,0,1,0,0,0,0,0,0,0,1,0,0,0
492,0,3,7.25,21,1,1,1,1,0,1,0,0,0,0,0,0,0,1,0,0,0
493,0,1,30.5,55,1,1,1,1,0,0,1,0,0,0,0,0,0,1,0,0,0
494,0,1,49.5042,71,1,1,1,0,1,1,0,0,0,0,0,0,0,1,0,0,0
495,0,3,8.05,21,1,1,1,1,0,1,0,0,0,0,0,0,0,1,0,0,0
496,0,3,14.4583,25.96226361,1,1,1,0,1,1,0,0,0,0,0,0,0,1,0,0,0
497,1,1,78.2667,54,0,2,0,0,1,0,0,0,0,1,0,0,0,0,0,1,0
498,0,3,15.1,25.96226361,1,1,1,1,0,1,0,0,0,0,0,0,0,1,0,0,0
499,0,1,151.55,25,0,4,0,1,0,0,1,0,0,0,0,0,0,0,1,0,0
500,0,3,7.7958,24,1,1,1,1,0,1,0,0,0,0,0,0,0,1,0,0,0
501,0,3,8.6625,17,1,1,1,1,0,1,0,0,0,0,0,0,0,1,0,0,0
502,0,3,7.75,21,0,1,1,0,0,1,0,0,0,0,0,0,0,0,0,1,0
503,0,3,7.6292,22.18532895,0,1,1,0,0,1,0,0,0,0,0,0,0,0,0,1,0
504,0,3,9.5875,37,0,1,1,1,0,1,0,0,0,0,0,0,0,0,0,1,0
505,1,1,86.5,16,0,1,1,1,0,0,0,0,0,0,0,1,0,0,0,1,0
506,0,1,108.9,18,1,2,0,0,1,0,1,0,0,0,0,0,0,1,0,0,0
507,1,2,26,33,0,3,0,1,0,1,0,0,0,0,0,0,0,0,1,0,0
508,1,1,26.55,41.02927152,1,1,1,1,0,1,0,0,0,0,0,0,0,1,0,0,0
509,0,3,22.525,28,1,1,1,1,0,1,0,0,0,0,0,0,0,1,0,0,0
510,1,3,56.4958,26,1,1,1,1,0,1,0,0,0,0,0,0,0,1,0,0,0
511,1,3,7.75,29,1,1,1,0,0,1,0,0,0,0,0,0,0,1,0,0,0
512,0,3,8.05,25.96226361,1,1,1,1,0,1,0,0,0,0,0,0,0,1,0,0,0
513,1,1,26.2875,36,1,1,1,1,0,0,0,1,0,0,0,0,0,1,0,0,0
514,1,1,59.4,54,0,2,0,0,1,1,0,0,0,0,0,0,0,0,1,0,0
515,0,3,7.4958,24,1,1,1,1,0,1,0,0,0,0,0,0,0,1,0,0,0
516,0,1,34.0208,47,1,1,1,1,0,0,0,0,0,1,0,0,0,1,0,0,0
517,1,2,10.5,34,0,1,1,1,0,0,0,0,0,0,0,0,1,0,1,0,0
518,0,3,24.15,25.96226361,1,1,1,0,0,1,0,0,0,0,0,0,0,1,0,0,0
519,1,2,26,36,0,2,0,1,0,1,0,0,0,0,0,0,0,0,1,0,0
520,0,3,7.8958,32,1,1,1,1,0,1,0,0,0,0,0,0,0,1,0,0,0
521,1,1,93.5,30,0,1,1,1,0,0,0,0,0,0,0,1,0,0,0,1,0
522,0,3,7.8958,22,1,1,1,1,0,1,0,0,0,0,0,0,0,1,0,0,0
523,0,3,7.225,25.96226361,1,1,1,0,1,1,0,0,0,0,0,0,0,1,0,0,0
524,1,1,57.9792,44,0,2,0,0,1,0,0,0,0,0,0,1,0,0,1,0,0
525,0,3,7.2292,25.96226361,1,1,1,0,1,1,0,0,0,0,0,0,0,1,0,0,0
526,0,3,7.75,40.5,1,1,1,0,0,1,0,0,0,0,0,0,0,1,0,0,0
527,1,2,10.5,50,0,1,1,1,0,1,0,0,0,0,0,0,0,0,0,1,0
528,0,1,221.7792,41.02927152,1,1,1,1,0,0,1,0,0,0,0,0,0,1,0,0,0
529,0,3,7.925,39,1,1,1,1,0,1,0,0,0,0,0,0,0,1,0,0,0
530,0,2,11.5,23,1,4,0,1,0,1,0,0,0,0,0,0,0,1,0,0,0
531,1,2,26,2,0,3,0,1,0,1,0,0,0,0,0,0,0,0,0,1,0
532,0,3,7.2292,25.96226361,1,1,1,0,1,1,0,0,0,0,0,0,0,1,0,0,0
533,0,3,7.2292,17,1,3,0,0,1,1,0,0,0,0,0,0,0,1,0,0,0
534,1,3,22.3583,22.18532895,0,3,0,0,1,1,0,0,0,0,0,0,0,0,1,0,0
535,0,3,8.6625,30,0,1,1,1,0,1,0,0,0,0,0,0,0,0,0,1,0
536,1,2,26.25,7,0,3,0,1,0,1,0,0,0,0,0,0,0,0,0,1,0
537,0,1,26.55,45,1,1,1,1,0,0,0,0,0,0,0,1,0,0,0,0,0
538,1,1,106.425,30,0,1,1,0,1,1,0,0,0,0,0,0,0,0,0,1,0
539,0,3,14.5,25.96226361,1,1,1,1,0,1,0,0,0,0,0,0,0,1,0,0,0
540,1,1,49.5,22,0,3,0,0,1,0,0,0,0,0,0,1,0,0,0,1,0
541,1,1,71,36,0,3,0,1,0,0,0,0,0,0,0,1,0,0,0,1,0
542,0,3,31.275,9,0,7,0,1,0,1,0,0,0,0,0,0,0,0,0,1,0
543,0,3,31.275,11,0,7,0,1,0,1,0,0,0,0,0,0,0,0,0,1,0
544,1,2,26,32,1,2,0,1,0,1,0,0,0,0,0,0,0,1,0,0,0
545,0,1,106.425,50,1,2,0,0,1,0,1,0,0,0,0,0,0,1,0,0,0
546,0,1,26,64,1,1,1,1,0,1,0,0,0,0,0,0,0,1,0,0,0
547,1,2,26,19,0,2,0,1,0,1,0,0,0,0,0,0,0,0,1,0,0
548,1,2,13.8625,30.81537975,1,1,1,0,1,1,0,0,0,0,0,0,0,1,0,0,0
549,0,3,20.525,33,1,3,0,1,0,1,0,0,0,0,0,0,0,1,0,0,0
550,1,2,36.75,8,1,3,0,1,0,1,0,0,0,0,0,0,0,0,0,0,1
551,1,1,110.8833,17,1,3,0,0,1,0,1,0,0,0,0,0,0,1,0,0,0
552,0,2,26,27,1,1,1,1,0,1,0,0,0,0,0,0,0,1,0,0,0
553,0,3,7.8292,25.96226361,1,1,1,0,0,1,0,0,0,0,0,0,0,1,0,0,0
554,1,3,7.225,22,1,1,1,0,1,1,0,0,0,0,0,0,0,1,0,0,0
555,1,3,7.775,22,0,1,1,1,0,1,0,0,0,0,0,0,0,0,0,1,0
556,0,1,26.55,62,1,1,1,1,0,1,0,0,0,0,0,0,0,1,0,0,0
557,1,1,39.6,48,0,2,0,0,1,0,0,0,0,0,1,0,0,0,0,0,0
558,0,1,227.525,41.02927152,1,1,1,0,1,1,0,0,0,0,0,0,0,1,0,0,0
559,1,1,79.65,39,0,3,0,1,0,0,0,1,0,0,0,0,0,0,1,0,0
560,1,3,17.4,36,0,2,0,1,0,1,0,0,0,0,0,0,0,0,1,0,0
561,0,3,7.75,25.96226361,1,1,1,0,0,1,0,0,0,0,0,0,0,1,0,0,0
562,0,3,7.8958,40,1,1,1,1,0,1,0,0,0,0,0,0,0,1,0,0,0
563,0,2,13.5,28,1,1,1,1,0,1,0,0,0,0,0,0,0,1,0,0,0
564,0,3,8.05,25.96226361,1,1,1,1,0,1,0,0,0,0,0,0,0,1,0,0,0
565,0,3,8.05,22.18532895,0,1,1,1,0,1,0,0,0,0,0,0,0,0,0,1,0
566,0,3,24.15,24,1,3,0,1,0,1,0,0,0,0,0,0,0,1,0,0,0
567,0,3,7.8958,19,1,1,1,1,0,1,0,0,0,0,0,0,0,1,0,0,0
568,0,3,21.075,29,0,5,0,1,0,1,0,0,0,0,0,0,0,0,1,0,0
569,0,3,7.2292,25.96226361,1,1,1,0,1,1,0,0,0,0,0,0,0,1,0,0,0
570,1,3,7.8542,32,1,1,1,1,0,1,0,0,0,0,0,0,0,1,0,0,0
571,1,2,10.5,62,1,1,1,1,0,1,0,0,0,0,0,0,0,1,0,0,0
572,1,1,51.4792,53,0,3,0,1,0,0,1,0,0,0,0,0,0,0,1,0,0
573,1,1,26.3875,36,1,1,1,1,0,0,0,1,0,0,0,0,0,1,0,0,0
574,1,3,7.75,22.18532895,0,1,1,0,0,1,0,0,0,0,0,0,0,0,0,1,0
575,0,3,8.05,16,1,1,1,1,0,1,0,0,0,0,0,0,0,1,0,0,0
576,0,3,14.5,19,1,1,1,1,0,1,0,0,0,0,0,0,0,1,0,0,0
577,1,2,13,34,0,1,1,1,0,1,0,0,0,0,0,0,0,0,0,1,0
578,1,1,55.9,39,0,2,0,1,0,0,0,1,0,0,0,0,0,0,1,0,0
579,0,3,14.4583,22.18532895,0,2,0,0,1,1,0,0,0,0,0,0,0,0,1,0,0
580,1,3,7.925,32,1,1,1,1,0,1,0,0,0,0,0,0,0,1,0,0,0
581,1,2,30,25,0,3,0,1,0,1,0,0,0,0,0,0,0,0,0,1,0
582,1,1,110.8833,39,0,3,0,0,1,0,1,0,0,0,0,0,0,0,1,0,0
583,0,2,26,54,1,1,1,1,0,1,0,0,0,0,0,0,0,1,0,0,0
584,0,1,40.125,36,1,1,1,0,1,0,0,0,0,0,1,0,0,1,0,0,0
585,0,3,8.7125,25.96226361,1,1,1,0,1,1,0,0,0,0,0,0,0,1,0,0,0
586,1,1,79.65,18,0,3,0,1,0,0,0,1,0,0,0,0,0,0,0,1,0
587,0,2,15,47,1,1,1,1,0,1,0,0,0,0,0,0,0,1,0,0,0
588,1,1,79.2,60,1,3,0,0,1,0,0,0,0,0,0,1,0,1,0,0,0
589,0,3,8.05,22,1,1,1,1,0,1,0,0,0,0,0,0,0,1,0,0,0
590,0,3,8.05,25.96226361,1,1,1,1,0,1,0,0,0,0,0,0,0,1,0,0,0
591,0,3,7.125,35,1,1,1,1,0,1,0,0,0,0,0,0,0,1,0,0,0
592,1,1,78.2667,52,0,2,0,0,1,0,0,0,0,1,0,0,0,0,1,0,0
593,0,3,7.25,47,1,1,1,1,0,1,0,0,0,0,0,0,0,1,0,0,0
594,0,3,7.75,22.18532895,0,3,0,0,0,1,0,0,0,0,0,0,0,0,0,1,0
595,0,2,26,37,1,2,0,1,0,1,0,0,0,0,0,0,0,1,0,0,0
596,0,3,24.15,36,1,3,0,1,0,1,0,0,0,0,0,0,0,1,0,0,0
597,1,2,33,27.4992233,0,1,1,1,0,1,0,0,0,0,0,0,0,0,0,1,0
598,0,3,0,49,1,1,1,1,0,1,0,0,0,0,0,0,0,1,0,0,0
599,0,3,7.225,25.96226361,1,1,1,0,1,1,0,0,0,0,0,0,0,1,0,0,0
600,1,1,56.9292,49,1,2,0,0,1,0,0,0,0,0,1,0,0,0,0,0,0
601,1,2,27,24,0,4,0,1,0,1,0,0,0,0,0,0,0,0,1,0,0
602,0,3,7.8958,25.96226361,1,1,1,1,0,1,0,0,0,0,0,0,0,1,0,0,0
603,0,1,42.4,41.02927152,1,1,1,1,0,1,0,0,0,0,0,0,0,1,0,0,0
604,0,3,8.05,44,1,1,1,1,0,1,0,0,0,0,0,0,0,1,0,0,0
605,1,1,26.55,35,1,1,1,0,1,1,0,0,0,0,0,0,0,1,0,0,0
606,0,3,15.55,36,1,2,0,1,0,1,0,0,0,0,0,0,0,1,0,0,0
607,0,3,7.8958,30,1,1,1,1,0,1,0,0,0,0,0,0,0,1,0,0,0
608,1,1,30.5,27,1,1,1,1,0,1,0,0,0,0,0,0,0,1,0,0,0
609,1,2,41.5792,22,0,4,0,0,1,1,0,0,0,0,0,0,0,0,1,0,0
610,1,1,153.4625,40,0,1,1,1,0,0,1,0,0,0,0,0,0,0,0,1,0
611,0,3,31.275,39,0,7,0,1,0,1,0,0,0,0,0,0,0,0,1,0,0
612,0,3,7.05,25.96226361,1,1,1,1,0,1,0,0,0,0,0,0,0,1,0,0,0
613,1,3,15.5,22.18532895,0,2,0,0,0,1,0,0,0,0,0,0,0,0,0,1,0
614,0,3,7.75,25.96226361,1,1,1,0,0,1,0,0,0,0,0,0,0,1,0,0,0
615,0,3,8.05,35,1,1,1,1,0,1,0,0,0,0,0,0,0,1,0,0,0
616,1,2,65,24,0,4,0,1,0,1,0,0,0,0,0,0,0,0,0,1,0
617,0,3,14.4,34,1,3,0,1,0,1,0,0,0,0,0,0,0,1,0,0,0
618,0,3,16.1,26,0,2,0,1,0,1,0,0,0,0,0,0,0,0,1,0,0
619,1,2,39,4,0,4,0,1,0,0,0,0,0,0,0,0,1,0,0,1,0
620,0,2,10.5,26,1,1,1,1,0,1,0,0,0,0,0,0,0,1,0,0,0
621,0,3,14.4542,27,1,2,0,0,1,1,0,0,0,0,0,0,0,1,0,0,0
622,1,1,52.5542,42,1,2,0,1,0,0,0,0,0,1,0,0,0,1,0,0,0
623,1,3,15.7417,20,1,3,0,0,1,1,0,0,0,0,0,0,0,1,0,0,0
624,0,3,7.8542,21,1,1,1,1,0,1,0,0,0,0,0,0,0,1,0,0,0
625,0,3,16.1,21,1,1,1,1,0,1,0,0,0,0,0,0,0,1,0,0,0
626,0,1,32.3208,61,1,1,1,1,0,0,0,0,0,1,0,0,0,1,0,0,0
627,0,2,12.35,57,1,1,1,0,0,1,0,0,0,0,0,0,0,0,0,0,0
628,1,1,77.9583,21,0,1,1,1,0,0,0,0,0,1,0,0,0,0,0,1,0
629,0,3,7.8958,26,1,1,1,1,0,1,0,0,0,0,0,0,0,1,0,0,0
630,0,3,7.7333,25.96226361,1,1,1,0,0,1,0,0,0,0,0,0,0,1,0,0,0
631,1,1,30,80,1,1,1,1,0,0,0,0,0,0,1,0,0,1,0,0,0
632,0,3,7.0542,51,1,1,1,1,0,1,0,0,0,0,0,0,0,1,0,0,0
633,1,1,30.5,32,1,1,1,0,1,0,0,0,0,0,0,1,0,0,0,0,0
634,0,1,0,41.02927152,1,1,1,1,0,1,0,0,0,0,0,0,0,1,0,0,0
635,0,3,27.9,9,0,6,0,1,0,1,0,0,0,0,0,0,0,0,0,1,0
636,1,2,13,28,0,1,1,1,0,1,0,0,0,0,0,0,0,0,0,1,0
637,0,3,7.925,32,1,1,1,1,0,1,0,0,0,0,0,0,0,1,0,0,0
638,0,2,26.25,31,1,3,0,1,0,1,0,0,0,0,0,0,0,1,0,0,0
639,0,3,39.6875,41,0,6,0,1,0,1,0,0,0,0,0,0,0,0,1,0,0
640,0,3,16.1,25.96226361,1,2,0,1,0,1,0,0,0,0,0,0,0,1,0,0,0
641,0,3,7.8542,20,1,1,1,1,0,1,0,0,0,0,0,0,0,1,0,0,0
642,1,1,69.3,24,0,1,1,0,1,0,0,0,0,0,0,1,0,0,0,1,0
643,0,3,27.9,2,0,6,0,1,0,1,0,0,0,0,0,0,0,0,0,1,0
644,1,3,56.4958,25.96226361,1,1,1,1,0,1,0,0,0,0,0,0,0,1,0,0,0
645,1,3,19.2583,0.75,0,4,0,0,1,1,0,0,0,0,0,0,0,0,0,1,0
646,1,1,76.7292,48,1,2,0,0,1,0,0,0,0,1,0,0,0,1,0,0,0
647,0,3,7.8958,19,1,1,1,1,0,1,0,0,0,0,0,0,0,1,0,0,0
648,1,1,35.5,56,1,1,1,0,1,0,0,0,0,0,1,0,0,0,0,0,0
649,0,3,7.55,25.96226361,1,1,1,1,0,1,0,0,0,0,0,0,0,1,0,0,0
650,1,3,7.55,23,0,1,1,1,0,1,0,0,0,0,0,0,0,0,0,1,0
651,0,3,7.8958,25.96226361,1,1,1,1,0,1,0,0,0,0,0,0,0,1,0,0,0
652,1,2,23,18,0,2,0,1,0,1,0,0,0,0,0,0,0,0,0,1,0
653,0,3,8.4333,21,1,1,1,1,0,1,0,0,0,0,0,0,0,1,0,0,0
654,1,3,7.8292,22.18532895,0,1,1,0,0,1,0,0,0,0,0,0,0,0,0,1,0
655,0,3,6.75,18,0,1,1,0,0,1,0,0,0,0,0,0,0,0,0,1,0
656,0,2,73.5,24,1,3,0,1,0,1,0,0,0,0,0,0,0,1,0,0,0
657,0,3,7.8958,25.96226361,1,1,1,1,0,1,0,0,0,0,0,0,0,1,0,0,0
658,0,3,15.5,32,0,3,0,0,0,1,0,0,0,0,0,0,0,0,1,0,0
659,0,2,13,23,1,1,1,1,0,1,0,0,0,0,0,0,0,1,0,0,0
660,0,1,113.275,58,1,3,0,0,1,0,0,0,0,1,0,0,0,1,0,0,0
661,1,1,133.65,50,1,3,0,1,0,1,0,0,0,0,0,0,0,0,0,0,0
662,0,3,7.225,40,1,1,1,0,1,1,0,0,0,0,0,0,0,1,0,0,0
663,0,1,25.5875,47,1,1,1,1,0,0,0,1,0,0,0,0,0,1,0,0,0
664,0,3,7.4958,36,1,1,1,1,0,1,0,0,0,0,0,0,0,1,0,0,0
665,1,3,7.925,20,1,2,0,1,0,1,0,0,0,0,0,0,0,1,0,0,0
666,0,2,73.5,32,1,3,0,1,0,1,0,0,0,0,0,0,0,1,0,0,0
667,0,2,13,25,1,1,1,1,0,1,0,0,0,0,0,0,0,1,0,0,0
668,0,3,7.775,25.96226361,1,1,1,1,0,1,0,0,0,0,0,0,0,1,0,0,0
669,0,3,8.05,43,1,1,1,1,0,1,0,0,0,0,0,0,0,1,0,0,0
670,1,1,52,37.03759398,0,2,0,1,0,0,1,0,0,0,0,0,0,0,1,0,0
671,1,2,39,40,0,3,0,1,0,1,0,0,0,0,0,0,0,0,1,0,0
672,0,1,52,31,1,2,0,1,0,0,0,0,0,0,0,1,0,1,0,0,0
673,0,2,10.5,70,1,1,1,1,0,1,0,0,0,0,0,0,0,1,0,0,0
674,1,2,13,31,1,1,1,1,0,1,0,0,0,0,0,0,0,1,0,0,0
675,0,2,0,30.81537975,1,1,1,1,0,1,0,0,0,0,0,0,0,1,0,0,0
676,0,3,7.775,18,1,1,1,1,0,1,0,0,0,0,0,0,0,1,0,0,0
677,0,3,8.05,24.5,1,1,1,1,0,1,0,0,0,0,0,0,0,1,0,0,0
678,1,3,9.8417,18,0,1,1,1,0,1,0,0,0,0,0,0,0,0,0,1,0
679,0,3,46.9,43,0,8,0,1,0,1,0,0,0,0,0,0,0,0,1,0,0
680,1,1,512.3292,36,1,2,0,0,1,0,0,0,0,0,0,1,0,1,0,0,0
681,0,3,8.1375,22.18532895,0,1,1,0,0,1,0,0,0,0,0,0,0,0,0,1,0
682,1,1,76.7292,27,1,1,1,0,1,0,0,0,0,1,0,0,0,1,0,0,0
683,0,3,9.225,20,1,1,1,1,0,1,0,0,0,0,0,0,0,1,0,0,0
684,0,3,46.9,14,1,8,0,1,0,1,0,0,0,0,0,0,0,1,0,0,0
685,0,2,39,60,1,3,0,1,0,1,0,0,0,0,0,0,0,1,0,0,0
686,0,2,41.5792,25,1,4,0,0,1,1,0,0,0,0,0,0,0,1,0,0,0
687,0,3,39.6875,14,1,6,0,1,0,1,0,0,0,0,0,0,0,1,0,0,0
688,0,3,10.1708,19,1,1,1,1,0,1,0,0,0,0,0,0,0,1,0,0,0
689,0,3,7.7958,18,1,1,1,1,0,1,0,0,0,0,0,0,0,1,0,0,0
690,1,1,211.3375,15,0,2,0,1,0,0,0,0,0,0,0,1,0,0,0,1,0
691,1,1,57,31,1,2,0,1,0,0,0,0,0,0,0,1,0,1,0,0,0
692,1,3,13.4167,4,0,2,0,0,1,1,0,0,0,0,0,0,0,0,0,1,0
693,1,3,56.4958,25.96226361,1,1,1,1,0,1,0,0,0,0,0,0,0,1,0,0,0
694,0,3,7.225,25,1,1,1,0,1,1,0,0,0,0,0,0,0,1,0,0,0
695,0,1,26.55,60,1,1,1,1,0,1,0,0,0,0,0,0,0,0,0,0,0
696,0,2,13.5,52,1,1,1,1,0,1,0,0,0,0,0,0,0,1,0,0,0
697,0,3,8.05,44,1,1,1,1,0,1,0,0,0,0,0,0,0,1,0,0,0
698,1,3,7.7333,22.18532895,0,1,1,0,0,1,0,0,0,0,0,0,0,0,0,1,0
699,0,1,110.8833,49,1,3,0,0,1,0,1,0,0,0,0,0,0,1,0,0,0
700,0,3,7.65,42,1,1,1,1,0,0,0,0,0,0,0,0,1,1,0,0,0
701,1,1,227.525,18,0,2,0,0,1,0,1,0,0,0,0,0,0,0,1,0,0
702,1,1,26.2875,35,1,1,1,1,0,0,0,1,0,0,0,0,0,1,0,0,0
703,0,3,14.4542,18,0,2,0,0,1,1,0,0,0,0,0,0,0,0,0,1,0
704,0,3,7.7417,25,1,1,1,0,0,1,0,0,0,0,0,0,0,1,0,0,0
705,0,3,7.8542,26,1,2,0,1,0,1,0,0,0,0,0,0,0,1,0,0,0
706,0,2,26,39,1,1,1,1,0,1,0,0,0,0,0,0,0,1,0,0,0
707,1,2,13.5,45,0,1,1,1,0,1,0,0,0,0,0,0,0,0,1,0,0
708,1,1,26.2875,42,1,1,1,1,0,0,0,1,0,0,0,0,0,1,0,0,0
709,1,1,151.55,22,0,1,1,1,0,1,0,0,0,0,0,0,0,0,0,1,0
710,1,3,15.2458,25.96226361,1,3,0,0,1,1,0,0,0,0,0,0,0,0,0,0,1
711,1,1,49.5042,24,0,1,1,0,1,0,1,0,0,0,0,0,0,0,0,1,0
712,0,1,26.55,41.02927152,1,1,1,1,0,0,1,0,0,0,0,0,0,1,0,0,0
713,1,1,52,48,1,2,0,1,0,0,1,0,0,0,0,0,0,1,0,0,0
714,0,3,9.4833,29,1,1,1,1,0,1,0,0,0,0,0,0,0,1,0,0,0
715,0,2,13,52,1,1,1,1,0,1,0,0,0,0,0,0,0,1,0,0,0
716,0,3,7.65,19,1,1,1,1,0,0,0,0,0,0,0,0,1,1,0,0,0
717,1,1,227.525,38,0,1,1,0,1,0,1,0,0,0,0,0,0,0,0,1,0
718,1,2,10.5,27,0,1,1,1,0,0,0,1,0,0,0,0,0,0,0,1,0
719,0,3,15.5,25.96226361,1,1,1,0,0,1,0,0,0,0,0,0,0,1,0,0,0
720,0,3,7.775,33,1,1,1,1,0,1,0,0,0,0,0,0,0,1,0,0,0
721,1,2,33,6,0,2,0,1,0,1,0,0,0,0,0,0,0,0,0,1,0
722,0,3,7.0542,17,1,2,0,1,0,1,0,0,0,0,0,0,0,1,0,0,0
723,0,2,13,34,1,1,1,1,0,1,0,0,0,0,0,0,0,1,0,0,0
724,0,2,13,50,1,1,1,1,0,1,0,0,0,0,0,0,0,1,0,0,0
725,1,1,53.1,27,1,2,0,1,0,0,0,1,0,0,0,0,0,1,0,0,0
726,0,3,8.6625,20,1,1,1,1,0,1,0,0,0,0,0,0,0,1,0,0,0
727,1,2,21,30,0,4,0,1,0,1,0,0,0,0,0,0,0,0,1,0,0
728,1,3,7.7375,22.18532895,0,1,1,0,0,1,0,0,0,0,0,0,0,0,0,1,0
729,0,2,26,25,1,2,0,1,0,1,0,0,0,0,0,0,0,1,0,0,0
730,0,3,7.925,25,0,2,0,1,0,1,0,0,0,0,0,0,0,0,0,1,0
731,1,1,211.3375,29,0,1,1,1,0,0,0,0,0,0,0,1,0,0,0,1,0
732,0,3,18.7875,11,1,1,1,0,1,1,0,0,0,0,0,0,0,1,0,0,0
733,0,2,0,30.81537975,1,1,1,1,0,1,0,0,0,0,0,0,0,1,0,0,0
734,0,2,13,23,1,1,1,1,0,1,0,0,0,0,0,0,0,1,0,0,0
735,0,2,13,23,1,1,1,1,0,1,0,0,0,0,0,0,0,1,0,0,0
736,0,3,16.1,28.5,1,1,1,1,0,1,0,0,0,0,0,0,0,1,0,0,0
737,0,3,34.375,48,0,5,0,1,0,1,0,0,0,0,0,0,0,0,1,0,0
738,1,1,512.3292,35,1,1,1,0,1,0,0,0,0,0,0,1,0,1,0,0,0
739,0,3,7.8958,25.96226361,1,1,1,1,0,1,0,0,0,0,0,0,0,1,0,0,0
740,0,3,7.8958,25.96226361,1,1,1,1,0,1,0,0,0,0,0,0,0,1,0,0,0
741,1,1,30,41.02927152,1,1,1,1,0,0,0,0,0,1,0,0,0,1,0,0,0
742,0,1,78.85,36,1,2,0,1,0,0,1,0,0,0,0,0,0,1,0,0,0
743,1,1,262.375,21,0,5,0,0,1,0,0,0,0,0,0,1,0,0,0,1,0
744,0,3,16.1,24,1,2,0,1,0,1,0,0,0,0,0,0,0,1,0,0,0
745,1,3,7.925,31,1,1,1,1,0,1,0,0,0,0,0,0,0,1,0,0,0
746,0,1,71,70,1,3,0,1,0,0,0,0,0,0,0,1,0,0,0,0,0
747,0,3,20.25,16,1,3,0,1,0,1,0,0,0,0,0,0,0,1,0,0,0
748,1,2,13,30,0,1,1,1,0,1,0,0,0,0,0,0,0,0,0,1,0
749,0,1,53.1,19,1,2,0,1,0,0,0,0,0,1,0,0,0,1,0,0,0
750,0,3,7.75,31,1,1,1,0,0,1,0,0,0,0,0,0,0,1,0,0,0
751,1,2,23,4,0,3,0,1,0,1,0,0,0,0,0,0,0,0,0,1,0
752,1,3,12.475,6,1,2,0,1,0,0,0,1,0,0,0,0,0,0,0,0,1
753,0,3,9.5,33,1,1,1,1,0,1,0,0,0,0,0,0,0,1,0,0,0
754,0,3,7.8958,23,1,1,1,1,0,1,0,0,0,0,0,0,0,1,0,0,0
755,1,2,65,48,0,4,0,1,0,1,0,0,0,0,0,0,0,0,1,0,0
756,1,2,14.5,0.67,1,3,0,1,0,1,0,0,0,0,0,0,0,0,0,0,1
757,0,3,7.7958,28,1,1,1,1,0,1,0,0,0,0,0,0,0,1,0,0,0
758,0,2,11.5,18,1,1,1,1,0,1,0,0,0,0,0,0,0,1,0,0,0
759,0,3,8.05,34,1,1,1,1,0,1,0,0,0,0,0,0,0,1,0,0,0
760,1,1,86.5,33,0,1,1,1,0,0,0,0,0,0,0,1,0,0,0,0,0
761,0,3,14.5,25.96226361,1,1,1,1,0,1,0,0,0,0,0,0,0,1,0,0,0
762,0,3,7.125,41,1,1,1,1,0,1,0,0,0,0,0,0,0,1,0,0,0
763,1,3,7.2292,20,1,1,1,0,1,1,0,0,0,0,0,0,0,1,0,0,0
764,1,1,120,36,0,4,0,1,0,0,0,0,0,0,0,1,0,0,1,0,0
765,0,3,7.775,16,1,1,1,1,0,1,0,0,0,0,0,0,0,1,0,0,0
766,1,1,77.9583,51,0,2,0,1,0,0,0,0,0,1,0,0,0,0,1,0,0
767,0,1,39.6,41.02927152,1,1,1,0,1,1,0,0,0,0,0,0,0,0,0,0,0
768,0,3,7.75,30.5,0,1,1,0,0,1,0,0,0,0,0,0,0,0,0,1,0
769,0,3,24.15,25.96226361,1,2,0,0,0,1,0,0,0,0,0,0,0,1,0,0,0
770,0,3,8.3625,32,1,1,1,1,0,1,0,0,0,0,0,0,0,1,0,0,0
771,0,3,9.5,24,1,1,1,1,0,1,0,0,0,0,0,0,0,1,0,0,0
772,0,3,7.8542,48,1,1,1,1,0,1,0,0,0,0,0,0,0,1,0,0,0
773,0,2,10.5,57,0,1,1,1,0,0,0,1,0,0,0,0,0,0,1,0,0
774,0,3,7.225,25.96226361,1,1,1,0,1,1,0,0,0,0,0,0,0,1,0,0,0
775,1,2,23,54,0,5,0,1,0,1,0,0,0,0,0,0,0,0,1,0,0
776,0,3,7.75,18,1,1,1,1,0,1,0,0,0,0,0,0,0,1,0,0,0
777,0,3,7.75,25.96226361,1,1,1,0,0,0,0,0,0,0,0,0,1,1,0,0,0
778,1,3,12.475,5,0,1,1,1,0,1,0,0,0,0,0,0,0,0,0,1,0
779,0,3,7.7375,25.96226361,1,1,1,0,0,1,0,0,0,0,0,0,0,1,0,0,0
780,1,1,211.3375,43,0,2,0,1,0,0,0,0,0,0,0,1,0,0,1,0,0
781,1,3,7.2292,13,0,1,1,0,1,1,0,0,0,0,0,0,0,0,0,1,0
782,1,1,57,17,0,2,0,1,0,0,0,0,0,0,0,1,0,0,1,0,0
783,0,1,30,29,1,1,1,1,0,0,0,0,0,1,0,0,0,1,0,0,0
784,0,3,23.45,25.96226361,1,4,0,1,0,1,0,0,0,0,0,0,0,1,0,0,0
785,0,3,7.05,25,1,1,1,1,0,1,0,0,0,0,0,0,0,1,0,0,0
786,0,3,7.25,25,1,1,1,1,0,1,0,0,0,0,0,0,0,1,0,0,0
787,1,3,7.4958,18,0,1,1,1,0,1,0,0,0,0,0,0,0,0,0,1,0
788,0,3,29.125,8,1,6,0,0,0,1,0,0,0,0,0,0,0,0,0,0,1
789,1,3,20.575,1,1,4,0,1,0,1,0,0,0,0,0,0,0,0,0,0,1
790,0,1,79.2,46,1,1,1,0,1,0,0,0,0,0,0,1,0,1,0,0,0
791,0,3,7.75,25.96226361,1,1,1,0,0,1,0,0,0,0,0,0,0,1,0,0,0
792,0,2,26,16,1,1,1,1,0,1,0,0,0,0,0,0,0,1,0,0,0
793,0,3,69.55,22.18532895,0,11,0,1,0,1,0,0,0,0,0,0,0,0,0,1,0
794,0,1,30.6958,41.02927152,1,1,1,0,1,1,0,0,0,0,0,0,0,1,0,0,0
795,0,3,7.8958,25,1,1,1,1,0,1,0,0,0,0,0,0,0,1,0,0,0
796,0,2,13,39,1,1,1,1,0,1,0,0,0,0,0,0,0,1,0,0,0
797,1,1,25.9292,49,0,1,1,1,0,0,0,0,0,1,0,0,0,0,0,0,0
798,1,3,8.6833,31,0,1,1,1,0,1,0,0,0,0,0,0,0,0,1,0,0
799,0,3,7.2292,30,1,1,1,0,1,1,0,0,0,0,0,0,0,1,0,0,0
800,0,3,24.15,30,0,3,0,1,0,1,0,0,0,0,0,0,0,0,1,0,0
801,0,2,13,34,1,1,1,1,0,1,0,0,0,0,0,0,0,1,0,0,0
802,1,2,26.25,31,0,3,0,1,0,1,0,0,0,0,0,0,0,0,1,0,0
803,1,1,120,11,1,4,0,1,0,0,0,0,0,0,0,1,0,0,0,0,1
804,1,3,8.5167,0.42,1,2,0,0,1,1,0,0,0,0,0,0,0,0,0,0,1
805,1,3,6.975,27,1,1,1,1,0,1,0,0,0,0,0,0,0,1,0,0,0
806,0,3,7.775,31,1,1,1,1,0,1,0,0,0,0,0,0,0,1,0,0,0
807,0,1,0,39,1,1,1,1,0,0,0,0,0,0,1,0,0,1,0,0,0
808,0,3,7.775,18,0,1,1,1,0,1,0,0,0,0,0,0,0,0,0,1,0
809,0,2,13,39,1,1,1,1,0,1,0,0,0,0,0,0,0,1,0,0,0
810,1,1,53.1,33,0,2,0,1,0,0,0,1,0,0,0,0,0,0,1,0,0
811,0,3,7.8875,26,1,1,1,1,0,1,0,0,0,0,0,0,0,1,0,0,0
812,0,3,24.15,39,1,1,1,1,0,1,0,0,0,0,0,0,0,1,0,0,0
813,0,2,10.5,35,1,1,1,1,0,1,0,0,0,0,0,0,0,1,0,0,0
814,0,3,31.275,6,0,7,0,1,0,1,0,0,0,0,0,0,0,0,0,1,0
815,0,3,8.05,30.5,1,1,1,1,0,1,0,0,0,0,0,0,0,1,0,0,0
816,0,1,0,41.02927152,1,1,1,1,0,0,0,0,0,0,0,1,0,1,0,0,0
817,0,3,7.925,23,0,1,1,1,0,1,0,0,0,0,0,0,0,0,0,1,0
818,0,2,37.0042,31,1,3,0,0,1,1,0,0,0,0,0,0,0,1,0,0,0
819,0,3,6.45,43,1,1,1,1,0,1,0,0,0,0,0,0,0,1,0,0,0
820,0,3,27.9,10,1,6,0,1,0,1,0,0,0,0,0,0,0,0,0,0,1
821,1,1,93.5,52,0,3,0,1,0,0,0,0,0,0,0,1,0,0,1,0,0
822,1,3,8.6625,27,1,1,1,1,0,1,0,0,0,0,0,0,0,1,0,0,0
823,0,1,0,38,1,1,1,1,0,1,0,0,0,0,0,0,0,0,0,0,0
824,1,3,12.475,27,0,2,0,1,0,0,0,1,0,0,0,0,0,0,1,0,0
825,0,3,39.6875,2,1,6,0,1,0,1,0,0,0,0,0,0,0,0,0,0,1
826,0,3,6.95,25.96226361,1,1,1,0,0,1,0,0,0,0,0,0,0,1,0,0,0
827,0,3,56.4958,25.96226361,1,1,1,1,0,1,0,0,0,0,0,0,0,1,0,0,0
828,1,2,37.0042,1,1,3,0,0,1,1,0,0,0,0,0,0,0,0,0,0,1
829,1,3,7.75,25.96226361,1,1,1,0,0,1,0,0,0,0,0,0,0,1,0,0,0
830,1,1,80,62,0,1,1,1,0,0,0,0,0,0,0,1,0,0,1,0,0
831,1,3,14.4542,15,0,2,0,0,1,1,0,0,0,0,0,0,0,0,1,0,0
832,1,2,18.75,0.83,1,3,0,1,0,1,0,0,0,0,0,0,0,0,0,0,1
833,0,3,7.2292,25.96226361,1,1,1,0,1,1,0,0,0,0,0,0,0,1,0,0,0
834,0,3,7.8542,23,1,1,1,1,0,1,0,0,0,0,0,0,0,1,0,0,0
835,0,3,8.3,18,1,1,1,1,0,1,0,0,0,0,0,0,0,1,0,0,0
836,1,1,83.1583,39,0,3,0,0,1,0,0,1,0,0,0,0,0,0,0,1,0
837,0,3,8.6625,21,1,1,1,1,0,1,0,0,0,0,0,0,0,1,0,0,0
838,0,3,8.05,25.96226361,1,1,1,1,0,1,0,0,0,0,0,0,0,1,0,0,0
839,1,3,56.4958,32,1,1,1,1,0,1,0,0,0,0,0,0,0,1,0,0,0
840,1,1,29.7,41.02927152,1,1,1,0,1,0,1,0,0,0,0,0,0,1,0,0,0
841,0,3,7.925,20,1,1,1,1,0,1,0,0,0,0,0,0,0,1,0,0,0
842,0,2,10.5,16,1,1,1,1,0,1,0,0,0,0,0,0,0,1,0,0,0
843,1,1,31,30,0,1,1,0,1,1,0,0,0,0,0,0,0,0,0,1,0
844,0,3,6.4375,34.5,1,1,1,0,1,1,0,0,0,0,0,0,0,1,0,0,0
845,0,3,8.6625,17,1,1,1,1,0,1,0,0,0,0,0,0,0,1,0,0,0
846,0,3,7.55,42,1,1,1,1,0,1,0,0,0,0,0,0,0,1,0,0,0
847,0,3,69.55,25.96226361,1,11,0,1,0,1,0,0,0,0,0,0,0,1,0,0,0
848,0,3,7.8958,35,1,1,1,0,1,1,0,0,0,0,0,0,0,1,0,0,0
849,0,2,33,28,1,2,0,1,0,1,0,0,0,0,0,0,0,0,0,0,0
850,1,1,89.1042,37.03759398,0,2,0,0,1,0,1,0,0,0,0,0,0,0,1,0,0
851,0,3,31.275,4,1,7,0,1,0,1,0,0,0,0,0,0,0,0,0,0,1
852,0,3,7.775,74,1,1,1,1,0,1,0,0,0,0,0,0,0,1,0,0,0
853,0,3,15.2458,9,0,3,0,0,1,1,0,0,0,0,0,0,0,0,0,1,0
854,1,1,39.4,16,0,2,0,1,0,0,0,0,0,1,0,0,0,0,0,1,0
855,0,2,26,44,0,2,0,1,0,1,0,0,0,0,0,0,0,0,1,0,0
856,1,3,9.35,18,0,2,0,1,0,1,0,0,0,0,0,0,0,0,1,0,0
857,1,1,164.8667,45,0,3,0,1,0,1,0,0,0,0,0,0,0,0,1,0,0
858,1,1,26.55,51,1,1,1,1,0,0,0,1,0,0,0,0,0,1,0,0,0
859,1,3,19.2583,24,0,4,0,0,1,1,0,0,0,0,0,0,0,0,1,0,0
860,0,3,7.2292,25.96226361,1,1,1,0,1,1,0,0,0,0,0,0,0,1,0,0,0
861,0,3,14.1083,41,1,3,0,1,0,1,0,0,0,0,0,0,0,1,0,0,0
862,0,2,11.5,21,1,2,0,1,0,1,0,0,0,0,0,0,0,1,0,0,0
863,1,1,25.9292,48,0,1,1,1,0,0,0,0,0,1,0,0,0,0,1,0,0
864,0,3,69.55,22.18532895,0,11,0,1,0,1,0,0,0,0,0,0,0,0,0,1,0
865,0,2,13,24,1,1,1,1,0,1,0,0,0,0,0,0,0,1,0,0,0
866,1,2,13,42,0,1,1,1,0,1,0,0,0,0,0,0,0,0,1,0,0
867,1,2,13.8583,27,0,2,0,0,1,1,0,0,0,0,0,0,0,0,0,1,0
868,0,1,50.4958,31,1,1,1,1,0,0,0,0,0,0,1,0,0,1,0,0,0
869,0,3,9.5,25.96226361,1,1,1,1,0,1,0,0,0,0,0,0,0,1,0,0,0
870,1,3,11.1333,4,1,3,0,1,0,1,0,0,0,0,0,0,0,0,0,0,1
871,0,3,7.8958,26,1,1,1,1,0,1,0,0,0,0,0,0,0,1,0,0,0
872,1,1,52.5542,47,0,3,0,1,0,0,0,0,0,1,0,0,0,0,1,0,0
873,0,1,5,33,1,1,1,1,0,0,0,0,0,0,0,1,0,1,0,0,0
874,0,3,9,47,1,1,1,1,0,1,0,0,0,0,0,0,0,1,0,0,0
875,1,2,24,28,0,2,0,0,1,1,0,0,0,0,0,0,0,0,1,0,0
876,1,3,7.225,15,0,1,1,0,1,1,0,0,0,0,0,0,0,0,0,1,0
877,0,3,9.8458,20,1,1,1,1,0,1,0,0,0,0,0,0,0,1,0,0,0
878,0,3,7.8958,19,1,1,1,1,0,1,0,0,0,0,0,0,0,1,0,0,0
879,0,3,7.8958,25.96226361,1,1,1,1,0,1,0,0,0,0,0,0,0,1,0,0,0
880,1,1,83.1583,56,0,2,0,0,1,0,1,0,0,0,0,0,0,0,1,0,0
881,1,2,26,25,0,2,0,1,0,1,0,0,0,0,0,0,0,0,1,0,0
882,0,3,7.8958,33,1,1,1,1,0,1,0,0,0,0,0,0,0,1,0,0,0
883,0,3,10.5167,22,0,1,1,1,0,1,0,0,0,0,0,0,0,0,0,1,0
884,0,2,10.5,28,1,1,1,1,0,1,0,0,0,0,0,0,0,1,0,0,0
885,0,3,7.05,25,1,1,1,1,0,1,0,0,0,0,0,0,0,1,0,0,0
886,0,3,29.125,39,0,6,0,0,0,1,0,0,0,0,0,0,0,0,1,0,0
887,0,2,13,27,1,1,1,1,0,1,0,0,0,0,0,0,0,0,0,0,0
888,1,1,30,19,0,1,1,1,0,0,0,0,0,0,0,1,0,0,0,1,0
889,0,3,23.45,22.18532895,0,4,0,1,0,1,0,0,0,0,0,0,0,0,0,1,0
890,1,1,30,26,1,1,1,0,1,0,1,0,0,0,0,0,0,1,0,0,0
891,0,3,7.75,32,1,1,1,0,0,1,0,0,0,0,0,0,0,1,0,0,0
